name,title,class_of_the_year,contacts,major
saja wael zaidan,MD,2005,"[{""key"": ""instagram"", ""value"": ""https://instagram.com""}, {""key"": ""facebook"", ""value"": ""https://facebook.com""}, {""key"": ""linkedin"", ""value"": ""https://linkedin.com""}]",Computer Engineer
fuad altamimi,MD,2006,"[{""key"": ""instagram"", ""value"": ""https://instagram.com""}, {""key"": ""facebook"", ""value"": ""https://facebook.com""}, {""key"": ""linkedin"", ""value"": ""https://linkedin.com""}]",Computer Engineer
talal nader,Social Media Leader,2003,"[{""key"": ""instagram"", ""value"": ""https://instagram.com""}, {""key"": ""facebook"", ""value"": ""https://facebook.com""}, {""key"": ""linkedin"", ""value"": ""https://linkedin.com""}]",Computer Engineer
ibrahim sabbah,PR Leader,2005,"[{""key"": ""instagram"", ""value"": ""https://instagram.com""}, {""key"": ""facebook"", ""value"": ""https://facebook.com""}, {""key"": ""linkedin"", ""value"": ""https://linkedin.com""}]",Computer Engineer
joud meltaha,Chairperson,2004,"[{""key"": ""instagram"", ""value"": ""https://instagram.com""}, {""key"": ""facebook"", ""value"": ""https://facebook.com""}, {""key"": ""linkedin"", ""value"": ""https://linkedin.com""}]",Computer Engineer
Mohammed nilad as'ad,Treasure,2004,"[{""key"": ""instagram"", ""value"": ""https://instagram.com""}, {""key"": ""facebook"", ""value"": ""https://facebook.com""}, {""key"": ""linkedin"", ""value"": ""https://linkedin.com""}]",Computer Engineer
Mohammad Mahmoud Mousa AlMaradweh,Vice Chair,2006,"[{""key"": ""instagram"", ""value"": ""https://instagram.com""}, {""key"": ""facebook"", ""value"": ""https://facebook.com""}, {""key"": ""linkedin"", ""value"": ""https://linkedin.com""}]",Computer Engineer
maryam mustafa,Secrtery,2005,"[{""key"": ""instagram"", ""value"": ""https://instagram.com""}, {""key"": ""facebook"", ""value"": ""https://facebook.com""}, {""key"": ""linkedin"", ""value"": ""https://linkedin.com""}]",Computer Engineer
aseel alotabi,Technical Leader,2004,"[{""key"": ""instagram"", ""value"": ""https://instagram.com""}, {""key"": ""facebook"", ""value"": ""https://facebook.com""}, {""key"": ""linkedin"", ""value"": ""https://linkedin.com""}]",Computer Engineer
